"frame","xmin","xmax","ymin","ymax","class_id"
"practice_video_fake2_00001.jpg",521,645,32,194,1
"practice_video_fake2_00002.jpg",529,640,29,194,1
"practice_video_fake2_00003.jpg",526,639,30,194,1
"practice_video_fake2_00004.jpg",524,637,30,194,1
"practice_video_fake2_00005.jpg",521,635,31,194,1
"practice_video_fake2_00006.jpg",519,633,32,194,1
"practice_video_fake2_00007.jpg",519,634,21,194,1
"practice_video_fake2_00008.jpg",519,634,24,194,1
"practice_video_fake2_00009.jpg",519,635,27,193,1
"practice_video_fake2_00010.jpg",519,636,30,193,1
"practice_video_fake2_00011.jpg",519,636,32,193,1
"practice_video_fake2_00012.jpg",516,633,5,193,1
"practice_video_fake2_00013.jpg",514,631,17,192,1
"practice_video_fake2_00014.jpg",511,628,28,192,1
"practice_video_fake2_00015.jpg",508,625,40,192,1
"practice_video_fake2_00016.jpg",505,622,51,191,1
"practice_video_fake2_00017.jpg",505,613,8,191,1
"practice_video_fake2_00018.jpg",496,605,8,192,1
"practice_video_fake2_00019.jpg",486,597,9,193,1
"practice_video_fake2_00020.jpg",477,589,9,195,1
"practice_video_fake2_00021.jpg",467,580,9,196,1
"practice_video_fake2_00022.jpg",457,572,9,197,1
"practice_video_fake2_00023.jpg",453,568,10,200,1
"practice_video_fake2_00024.jpg",448,564,11,203,1
"practice_video_fake2_00025.jpg",443,560,13,207,1
"practice_video_fake2_00026.jpg",438,556,14,210,1
"practice_video_fake2_00027.jpg",433,552,15,213,1
"practice_video_fake2_00028.jpg",427,549,16,215,1
"practice_video_fake2_00029.jpg",420,546,17,217,1
"practice_video_fake2_00030.jpg",414,543,19,219,1
"practice_video_fake2_00031.jpg",407,539,20,220,1
"practice_video_fake2_00032.jpg",401,536,21,222,1
"practice_video_fake2_00033.jpg",399,535,23,223,1
"practice_video_fake2_00034.jpg",398,534,24,224,1
"practice_video_fake2_00035.jpg",396,532,25,225,1
"practice_video_fake2_00036.jpg",395,531,27,225,1
"practice_video_fake2_00037.jpg",393,530,28,226,1
"practice_video_fake2_00038.jpg",393,531,28,227,1
"practice_video_fake2_00039.jpg",392,531,29,227,1
"practice_video_fake2_00040.jpg",392,532,29,227,1
"practice_video_fake2_00041.jpg",391,532,30,228,1
"practice_video_fake2_00042.jpg",391,533,30,228,1
"practice_video_fake2_00043.jpg",392,533,30,229,1
"practice_video_fake2_00044.jpg",393,533,31,230,1
"practice_video_fake2_00045.jpg",393,533,31,232,1
"practice_video_fake2_00046.jpg",394,534,32,233,1
"practice_video_fake2_00047.jpg",395,534,32,234,1
"practice_video_fake2_00048.jpg",397,534,33,235,1
"practice_video_fake2_00049.jpg",398,535,34,236,1
"practice_video_fake2_00050.jpg",400,535,35,237,1
"practice_video_fake2_00051.jpg",401,535,37,238,1
"practice_video_fake2_00052.jpg",403,536,38,239,1
"practice_video_fake2_00053.jpg",403,536,38,239,1
"practice_video_fake2_00054.jpg",403,537,38,239,1
"practice_video_fake2_00055.jpg",403,538,38,239,1
"practice_video_fake2_00056.jpg",403,539,38,239,1
"practice_video_fake2_00057.jpg",403,540,38,239,1
"practice_video_fake2_00058.jpg",405,541,39,240,1
"practice_video_fake2_00059.jpg",406,543,40,241,1
"practice_video_fake2_00060.jpg",408,544,41,243,1
"practice_video_fake2_00061.jpg",410,546,42,244,1
"practice_video_fake2_00062.jpg",411,548,43,245,1
"practice_video_fake2_00063.jpg",413,550,43,246,1
"practice_video_fake2_00064.jpg",415,552,44,247,1
"practice_video_fake2_00065.jpg",417,554,44,248,1
"practice_video_fake2_00066.jpg",419,556,44,248,1
"practice_video_fake2_00067.jpg",421,558,44,249,1
"practice_video_fake2_00068.jpg",422,560,44,251,1
"practice_video_fake2_00069.jpg",424,561,44,253,1
"practice_video_fake2_00070.jpg",425,563,44,255,1
"practice_video_fake2_00071.jpg",426,564,44,257,1
"practice_video_fake2_00072.jpg",427,566,44,259,1
"practice_video_fake2_00073.jpg",431,571,43,258,1
"practice_video_fake2_00074.jpg",436,575,42,257,1
"practice_video_fake2_00075.jpg",441,580,41,256,1
"practice_video_fake2_00076.jpg",446,584,40,255,1
"practice_video_fake2_00077.jpg",450,589,39,254,1
"practice_video_fake2_00078.jpg",460,598,40,255,1
"practice_video_fake2_00079.jpg",470,607,41,256,1
"practice_video_fake2_00080.jpg",480,616,43,256,1
"practice_video_fake2_00081.jpg",490,625,44,257,1
"practice_video_fake2_00082.jpg",500,634,45,258,1
"practice_video_fake2_00083.jpg",507,640,47,259,1
"practice_video_fake2_00084.jpg",513,647,48,259,1
"practice_video_fake2_00085.jpg",520,654,50,260,1
"practice_video_fake2_00086.jpg",527,660,52,261,1
"practice_video_fake2_00087.jpg",533,667,54,262,1
"practice_video_fake2_00088.jpg",538,670,56,263,1
"practice_video_fake2_00089.jpg",542,673,57,263,1
"practice_video_fake2_00090.jpg",546,677,59,264,1
"practice_video_fake2_00091.jpg",551,680,61,264,1
"practice_video_fake2_00092.jpg",555,683,63,265,1
"practice_video_fake2_00093.jpg",556,685,63,265,1
"practice_video_fake2_00094.jpg",558,687,63,266,1
"practice_video_fake2_00095.jpg",559,688,64,267,1
"practice_video_fake2_00096.jpg",560,690,64,267,1
"practice_video_fake2_00097.jpg",562,692,64,268,1
"practice_video_fake2_00098.jpg",560,692,64,267,1
"practice_video_fake2_00099.jpg",559,692,64,266,1
"practice_video_fake2_00100.jpg",557,692,63,265,1
"practice_video_fake2_00101.jpg",555,692,63,264,1
"practice_video_fake2_00102.jpg",554,692,62,263,1
"practice_video_fake2_00103.jpg",551,690,62,261,1
"practice_video_fake2_00104.jpg",549,689,61,259,1
"practice_video_fake2_00105.jpg",547,687,60,257,1
"practice_video_fake2_00106.jpg",545,686,59,255,1
"practice_video_fake2_00107.jpg",542,685,59,252,1
"practice_video_fake2_00108.jpg",538,682,56,250,1
"practice_video_fake2_00109.jpg",535,680,54,248,1
"practice_video_fake2_00110.jpg",531,677,52,246,1
"practice_video_fake2_00111.jpg",527,675,49,244,1
"practice_video_fake2_00112.jpg",523,672,47,242,1
"practice_video_fake2_00113.jpg",519,669,46,242,1
"practice_video_fake2_00114.jpg",515,666,44,242,1
"practice_video_fake2_00115.jpg",510,662,43,242,1
"practice_video_fake2_00116.jpg",506,659,42,242,1
"practice_video_fake2_00117.jpg",502,656,40,242,1
"practice_video_fake2_00118.jpg",497,651,40,243,1
"practice_video_fake2_00119.jpg",492,647,39,244,1
"practice_video_fake2_00120.jpg",487,642,39,245,1
"practice_video_fake2_00121.jpg",482,638,38,247,1
"practice_video_fake2_00122.jpg",477,633,38,248,1
"practice_video_fake2_00123.jpg",472,629,39,249,1
"practice_video_fake2_00124.jpg",467,626,40,250,1
"practice_video_fake2_00125.jpg",463,622,41,251,1
"practice_video_fake2_00126.jpg",458,618,42,252,1
"practice_video_fake2_00127.jpg",453,614,43,252,1
"practice_video_fake2_00128.jpg",449,611,44,253,1
"practice_video_fake2_00129.jpg",445,608,44,253,1
"practice_video_fake2_00130.jpg",442,605,45,253,1
"practice_video_fake2_00131.jpg",438,601,45,253,1
"practice_video_fake2_00132.jpg",434,598,45,253,1
"practice_video_fake2_00133.jpg",428,593,44,252,1
"practice_video_fake2_00134.jpg",423,588,43,251,1
"practice_video_fake2_00135.jpg",418,583,42,249,1
"practice_video_fake2_00136.jpg",413,577,41,248,1
"practice_video_fake2_00137.jpg",407,572,40,246,1
"practice_video_fake2_00138.jpg",404,569,40,247,1
"practice_video_fake2_00139.jpg",401,566,40,248,1
"practice_video_fake2_00140.jpg",398,562,41,249,1
"practice_video_fake2_00141.jpg",395,559,41,250,1
"practice_video_fake2_00142.jpg",392,556,41,251,1
"practice_video_fake2_00143.jpg",389,553,41,252,1
"practice_video_fake2_00144.jpg",387,551,41,252,1
"practice_video_fake2_00145.jpg",384,548,41,252,1
"practice_video_fake2_00146.jpg",382,546,41,253,1
"practice_video_fake2_00147.jpg",379,543,42,253,1
"practice_video_fake2_00148.jpg",376,540,42,254,1
"practice_video_fake2_00149.jpg",374,538,42,254,1
"practice_video_fake2_00150.jpg",371,535,42,255,1
"practice_video_fake2_00151.jpg",368,532,42,255,1
"practice_video_fake2_00152.jpg",365,529,42,255,1
"practice_video_fake2_00153.jpg",362,526,42,255,1
"practice_video_fake2_00154.jpg",360,523,42,255,1
"practice_video_fake2_00155.jpg",357,521,42,255,1
"practice_video_fake2_00156.jpg",354,518,42,255,1
"practice_video_fake2_00157.jpg",351,515,42,255,1
"practice_video_fake2_00158.jpg",349,513,42,255,1
"practice_video_fake2_00159.jpg",346,510,42,255,1
"practice_video_fake2_00160.jpg",344,508,42,255,1
"practice_video_fake2_00161.jpg",341,506,42,255,1
"practice_video_fake2_00162.jpg",339,504,42,255,1
"practice_video_fake2_00163.jpg",337,502,42,255,1
"practice_video_fake2_00164.jpg",335,500,42,255,1
"practice_video_fake2_00165.jpg",333,499,42,255,1
"practice_video_fake2_00166.jpg",331,497,42,255,1
"practice_video_fake2_00167.jpg",329,495,42,255,1
"practice_video_fake2_00168.jpg",328,494,42,255,1
"practice_video_fake2_00169.jpg",327,492,42,255,1
"practice_video_fake2_00170.jpg",326,491,42,255,1
"practice_video_fake2_00171.jpg",325,489,42,255,1
"practice_video_fake2_00172.jpg",324,488,42,255,1
"practice_video_fake2_00173.jpg",322,486,43,258,1
"practice_video_fake2_00174.jpg",321,485,44,260,1
"practice_video_fake2_00175.jpg",319,483,46,263,1
"practice_video_fake2_00176.jpg",317,482,47,265,1
"practice_video_fake2_00177.jpg",315,480,49,268,1
"practice_video_fake2_00178.jpg",316,480,48,268,1
"practice_video_fake2_00179.jpg",317,481,48,268,1
"practice_video_fake2_00180.jpg",317,481,47,268,1
"practice_video_fake2_00181.jpg",318,481,47,268,1
"practice_video_fake2_00182.jpg",319,481,46,268,1
"practice_video_fake2_00183.jpg",319,481,48,269,1
"practice_video_fake2_00184.jpg",319,481,49,270,1
"practice_video_fake2_00185.jpg",319,481,51,272,1
"practice_video_fake2_00186.jpg",319,481,52,273,1
"practice_video_fake2_00187.jpg",319,481,53,275,1
"practice_video_fake2_00188.jpg",319,481,54,275,1
"practice_video_fake2_00189.jpg",319,481,54,276,1
"practice_video_fake2_00190.jpg",319,481,55,276,1
"practice_video_fake2_00191.jpg",319,481,55,277,1
"practice_video_fake2_00192.jpg",319,481,56,277,1
"practice_video_fake2_00193.jpg",320,482,55,276,1
"practice_video_fake2_00194.jpg",321,484,55,275,1
"practice_video_fake2_00195.jpg",322,485,54,274,1
"practice_video_fake2_00196.jpg",323,486,54,272,1
"practice_video_fake2_00197.jpg",324,487,53,271,1
"practice_video_fake2_00198.jpg",327,491,54,273,1
"practice_video_fake2_00199.jpg",331,496,55,275,1
"practice_video_fake2_00200.jpg",335,500,56,277,1
"practice_video_fake2_00201.jpg",338,504,57,278,1
"practice_video_fake2_00202.jpg",342,508,58,280,1
"practice_video_fake2_00203.jpg",348,513,59,282,1
"practice_video_fake2_00204.jpg",353,518,61,283,1
"practice_video_fake2_00205.jpg",359,523,62,284,1
"practice_video_fake2_00206.jpg",365,527,63,286,1
"practice_video_fake2_00207.jpg",370,532,65,287,1
"practice_video_fake2_00208.jpg",375,537,65,287,1
"practice_video_fake2_00209.jpg",380,541,65,287,1
"practice_video_fake2_00210.jpg",384,545,65,287,1
"practice_video_fake2_00211.jpg",389,549,66,286,1
"practice_video_fake2_00212.jpg",394,554,66,286,1
"practice_video_fake2_00213.jpg",401,559,67,286,1
"practice_video_fake2_00214.jpg",408,565,67,285,1
"practice_video_fake2_00215.jpg",415,571,68,284,1
"practice_video_fake2_00216.jpg",422,576,69,283,1
"practice_video_fake2_00217.jpg",429,582,69,283,1
"practice_video_fake2_00218.jpg",438,589,71,283,1
"practice_video_fake2_00219.jpg",447,596,73,284,1
"practice_video_fake2_00220.jpg",456,603,75,284,1
"practice_video_fake2_00221.jpg",465,610,76,285,1
"practice_video_fake2_00222.jpg",474,617,78,285,1
"practice_video_fake2_00223.jpg",485,624,82,290,1
"practice_video_fake2_00224.jpg",495,630,86,294,1
"practice_video_fake2_00225.jpg",506,637,90,299,1
"practice_video_fake2_00226.jpg",517,644,93,303,1
"practice_video_fake2_00227.jpg",527,651,97,307,1
"practice_video_fake2_00228.jpg",537,656,107,310,1
"practice_video_fake2_00229.jpg",548,662,117,313,1
"practice_video_fake2_00230.jpg",558,668,127,316,1
"practice_video_fake2_00231.jpg",568,673,136,319,1
"practice_video_fake2_00232.jpg",578,679,146,322,1
"practice_video_fake2_00233.jpg",595,684,149,322,1
"practice_video_fake2_00234.jpg",344,727,6,592,2
"practice_video_fake2_00235.jpg",346,728,5,592,2
"practice_video_fake2_00236.jpg",349,728,5,592,2
"practice_video_fake2_00237.jpg",351,729,5,592,2
"practice_video_fake2_00238.jpg",353,730,5,592,2
"practice_video_fake2_00239.jpg",356,731,4,592,2
"practice_video_fake2_00240.jpg",356,733,5,597,2
"practice_video_fake2_00241.jpg",357,736,6,603,2
"practice_video_fake2_00242.jpg",357,738,7,609,2
"practice_video_fake2_00243.jpg",358,740,8,614,2
"practice_video_fake2_00244.jpg",358,742,9,620,2
"practice_video_fake2_00245.jpg",360,744,9,619,2
"practice_video_fake2_00246.jpg",361,745,9,618,2
"practice_video_fake2_00247.jpg",362,746,9,617,2
"practice_video_fake2_00248.jpg",363,747,9,616,2
"practice_video_fake2_00249.jpg",364,748,9,614,2
"practice_video_fake2_00250.jpg",364,746,9,612,2
"practice_video_fake2_00251.jpg",364,745,10,610,2
"practice_video_fake2_00252.jpg",364,743,10,608,2
"practice_video_fake2_00253.jpg",364,741,11,605,2
"practice_video_fake2_00254.jpg",364,740,11,603,2
"practice_video_fake2_00255.jpg",364,740,11,600,2
"practice_video_fake2_00256.jpg",364,740,11,596,2
"practice_video_fake2_00257.jpg",364,740,11,593,2
"practice_video_fake2_00258.jpg",364,740,11,589,2
"practice_video_fake2_00259.jpg",364,740,11,586,2
"practice_video_fake2_00260.jpg",365,740,11,586,2
"practice_video_fake2_00261.jpg",365,741,11,586,2
"practice_video_fake2_00262.jpg",366,741,11,586,2
"practice_video_fake2_00263.jpg",366,741,11,586,2
"practice_video_fake2_00264.jpg",366,742,11,586,2
"practice_video_fake2_00265.jpg",367,742,11,586,2
"practice_video_fake2_00266.jpg",367,743,11,586,2
"practice_video_fake2_00267.jpg",368,743,11,586,2
"practice_video_fake2_00268.jpg",368,744,11,586,2
"practice_video_fake2_00269.jpg",369,744,11,586,2
"practice_video_fake2_00270.jpg",369,745,11,586,2
"practice_video_fake2_00271.jpg",370,745,11,586,2
"practice_video_fake2_00272.jpg",370,746,11,586,2
"practice_video_fake2_00273.jpg",371,746,11,586,2
"practice_video_fake2_00274.jpg",371,747,11,586,2
"practice_video_fake2_00275.jpg",371,747,11,586,2
"practice_video_fake2_00276.jpg",371,747,11,586,2
"practice_video_fake2_00277.jpg",718,856,203,529,1
"practice_video_fake2_00277.jpg",161,258,71,209,1
"practice_video_fake2_00278.jpg",717,856,203,529,1
"practice_video_fake2_00278.jpg",161,258,72,210,1
"practice_video_fake2_00279.jpg",716,856,202,529,1
"practice_video_fake2_00279.jpg",161,258,74,211,1
"practice_video_fake2_00280.jpg",715,856,201,529,1
"practice_video_fake2_00280.jpg",161,258,75,213,1
"practice_video_fake2_00281.jpg",714,856,200,529,1
"practice_video_fake2_00281.jpg",161,258,77,214,1
"practice_video_fake2_00282.jpg",713,856,199,529,1
"practice_video_fake2_00282.jpg",161,258,78,215,1
"practice_video_fake2_00283.jpg",712,856,200,529,1
"practice_video_fake2_00283.jpg",160,258,83,219,1
"practice_video_fake2_00284.jpg",711,856,200,529,1
"practice_video_fake2_00284.jpg",159,257,87,223,1
"practice_video_fake2_00285.jpg",710,856,201,529,1
"practice_video_fake2_00285.jpg",159,257,91,227,1
"practice_video_fake2_00286.jpg",709,856,201,529,1
"practice_video_fake2_00286.jpg",158,256,95,232,1
"practice_video_fake2_00287.jpg",708,856,202,529,1
"practice_video_fake2_00287.jpg",157,256,100,236,1
"practice_video_fake2_00288.jpg",706,856,202,531,1
"practice_video_fake2_00288.jpg",157,256,102,239,1
"practice_video_fake2_00289.jpg",705,856,201,532,1
"practice_video_fake2_00289.jpg",156,255,104,242,1
"practice_video_fake2_00290.jpg",703,856,201,534,1
"practice_video_fake2_00290.jpg",156,255,106,246,1
"practice_video_fake2_00291.jpg",701,856,201,536,1
"practice_video_fake2_00291.jpg",156,255,108,249,1
"practice_video_fake2_00292.jpg",699,856,201,538,1
"practice_video_fake2_00292.jpg",156,255,110,252,1
"practice_video_fake2_00293.jpg",698,848,201,538,1
"practice_video_fake2_00293.jpg",156,255,108,251,1
"practice_video_fake2_00294.jpg",696,840,201,538,1
"practice_video_fake2_00294.jpg",155,255,107,249,1
"practice_video_fake2_00295.jpg",694,832,201,538,1
"practice_video_fake2_00295.jpg",155,255,105,248,1
"practice_video_fake2_00296.jpg",693,824,201,538,1
"practice_video_fake2_00296.jpg",155,255,104,247,1
"practice_video_fake2_00297.jpg",691,816,201,538,1
"practice_video_fake2_00297.jpg",155,255,102,245,1
"practice_video_fake2_00298.jpg",690,815,201,538,1
"practice_video_fake2_00298.jpg",156,255,102,245,1
"practice_video_fake2_00299.jpg",689,814,201,538,1
"practice_video_fake2_00299.jpg",157,256,102,245,1
"practice_video_fake2_00300.jpg",689,812,201,538,1
"practice_video_fake2_00300.jpg",157,257,102,245,1
"practice_video_fake2_00301.jpg",688,811,201,538,1
"practice_video_fake2_00301.jpg",158,257,102,245,1
"practice_video_fake2_00302.jpg",687,809,201,538,1
"practice_video_fake2_00302.jpg",159,258,102,245,1
"practice_video_fake2_00303.jpg",687,809,201,537,1
"practice_video_fake2_00303.jpg",159,258,102,245,1
"practice_video_fake2_00304.jpg",687,809,201,536,1
"practice_video_fake2_00304.jpg",159,258,101,244,1
"practice_video_fake2_00305.jpg",687,809,201,536,1
"practice_video_fake2_00305.jpg",159,258,101,244,1
"practice_video_fake2_00306.jpg",687,809,201,535,1
"practice_video_fake2_00306.jpg",159,258,100,244,1
"practice_video_fake2_00307.jpg",687,809,201,535,1
"practice_video_fake2_00307.jpg",159,258,100,243,1
"practice_video_fake2_00308.jpg",688,811,201,535,1
"practice_video_fake2_00308.jpg",159,258,99,243,1
"practice_video_fake2_00309.jpg",690,812,201,535,1
"practice_video_fake2_00309.jpg",159,258,98,243,1
"practice_video_fake2_00310.jpg",691,814,201,535,1
"practice_video_fake2_00310.jpg",159,258,98,242,1
"practice_video_fake2_00311.jpg",693,815,201,535,1
"practice_video_fake2_00311.jpg",159,258,97,242,1
"practice_video_fake2_00312.jpg",694,816,201,535,1
"practice_video_fake2_00312.jpg",159,258,97,241,1
"practice_video_fake2_00313.jpg",701,823,201,535,1
"practice_video_fake2_00313.jpg",159,258,91,236,1
"practice_video_fake2_00314.jpg",707,831,201,535,1
"practice_video_fake2_00314.jpg",160,258,85,230,1
"practice_video_fake2_00315.jpg",714,838,201,535,1
"practice_video_fake2_00315.jpg",161,258,80,224,1
"practice_video_fake2_00316.jpg",720,845,201,535,1
"practice_video_fake2_00316.jpg",161,258,74,219,1
"practice_video_fake2_00317.jpg",727,852,201,535,1
"practice_video_fake2_00317.jpg",162,258,68,213,1
"practice_video_fake2_00318.jpg",731,856,201,535,1
"practice_video_fake2_00318.jpg",164,261,70,214,1
"practice_video_fake2_00319.jpg",735,860,201,535,1
"practice_video_fake2_00319.jpg",166,263,71,216,1
"practice_video_fake2_00320.jpg",740,865,201,535,1
"practice_video_fake2_00320.jpg",168,266,72,217,1
"practice_video_fake2_00321.jpg",744,869,201,535,1
"practice_video_fake2_00321.jpg",170,269,74,218,1
"practice_video_fake2_00322.jpg",748,873,201,535,1
"practice_video_fake2_00322.jpg",172,271,75,220,1
"practice_video_fake2_00323.jpg",752,878,200,535,1
"practice_video_fake2_00323.jpg",173,272,76,220,1
"practice_video_fake2_00324.jpg",757,882,199,535,1
"practice_video_fake2_00324.jpg",173,273,76,221,1
"practice_video_fake2_00325.jpg",761,886,198,535,1
"practice_video_fake2_00325.jpg",174,273,77,222,1
"practice_video_fake2_00326.jpg",765,890,197,535,1
"practice_video_fake2_00326.jpg",175,274,78,222,1
"practice_video_fake2_00327.jpg",769,895,196,535,1
"practice_video_fake2_00327.jpg",175,275,78,223,1
"practice_video_fake2_00328.jpg",772,897,196,535,1
"practice_video_fake2_00328.jpg",175,275,77,221,1
"practice_video_fake2_00329.jpg",774,900,196,535,1
"practice_video_fake2_00329.jpg",175,275,75,220,1
"practice_video_fake2_00330.jpg",776,903,196,535,1
"practice_video_fake2_00330.jpg",175,275,74,218,1
"practice_video_fake2_00331.jpg",779,906,196,535,1
"practice_video_fake2_00331.jpg",175,275,72,217,1
"practice_video_fake2_00332.jpg",781,909,196,535,1
"practice_video_fake2_00332.jpg",175,275,71,215,1
"practice_video_fake2_00333.jpg",783,911,196,535,1
"practice_video_fake2_00333.jpg",174,274,69,214,1
"practice_video_fake2_00334.jpg",784,914,196,535,1
"practice_video_fake2_00334.jpg",173,272,68,212,1
"practice_video_fake2_00335.jpg",786,916,196,535,1
"practice_video_fake2_00335.jpg",171,271,66,211,1
"practice_video_fake2_00336.jpg",788,919,196,535,1
"practice_video_fake2_00336.jpg",170,269,65,210,1
"practice_video_fake2_00337.jpg",789,922,196,535,1
"practice_video_fake2_00337.jpg",168,268,64,208,1
"practice_video_fake2_00338.jpg",791,923,198,536,1
"practice_video_fake2_00338.jpg",169,269,62,208,1
"practice_video_fake2_00339.jpg",792,924,199,538,1
"practice_video_fake2_00339.jpg",170,269,61,207,1
"practice_video_fake2_00340.jpg",794,926,201,539,1
"practice_video_fake2_00340.jpg",170,270,60,207,1
"practice_video_fake2_00341.jpg",795,927,202,540,1
"practice_video_fake2_00341.jpg",166,266,58,205,1
"practice_video_fake2_00342.jpg",796,929,203,542,1
"practice_video_fake2_00342.jpg",162,262,57,204,1
"practice_video_fake2_00343.jpg",796,929,203,542,1
"practice_video_fake2_00343.jpg",160,260,56,203,1
"practice_video_fake2_00344.jpg",795,929,203,542,1
"practice_video_fake2_00344.jpg",157,258,54,202,1
"practice_video_fake2_00345.jpg",794,929,203,542,1
"practice_video_fake2_00345.jpg",155,256,53,201,1
"practice_video_fake2_00346.jpg",794,929,203,542,1
"practice_video_fake2_00346.jpg",147,248,57,205,1
"practice_video_fake2_00347.jpg",793,929,203,542,1
"practice_video_fake2_00347.jpg",139,240,62,209,1
"practice_video_fake2_00348.jpg",792,929,203,542,1
"practice_video_fake2_00348.jpg",132,232,66,213,1
"practice_video_fake2_00349.jpg",791,929,203,542,1
"practice_video_fake2_00349.jpg",124,224,70,217,1
"practice_video_fake2_00350.jpg",791,929,203,542,1
"practice_video_fake2_00350.jpg",117,216,74,221,1
"practice_video_fake2_00351.jpg",787,929,206,542,1
"practice_video_fake2_00351.jpg",106,212,77,225,1
"practice_video_fake2_00352.jpg",784,929,209,542,1
"practice_video_fake2_00352.jpg",86,198,76,226,1
"practice_video_fake2_00353.jpg",781,929,212,542,1
"practice_video_fake2_00353.jpg",62,182,73,224,1
"practice_video_fake2_00354.jpg",777,929,215,542,1
"practice_video_fake2_00354.jpg",64,185,69,225,1
"practice_video_fake2_00355.jpg",774,929,218,542,1
"practice_video_fake2_00355.jpg",0,104,20,174,1
"practice_video_fake2_00356.jpg",772,929,218,542,1
"practice_video_fake2_00356.jpg",0,92,10,164,1
"practice_video_fake2_00357.jpg",771,929,218,542,1
"practice_video_fake2_00357.jpg",0,78,0,145,1
"practice_video_fake2_00358.jpg",768,929,218,542,1
"practice_video_fake2_00359.jpg",768,929,218,542,1
"practice_video_fake2_00360.jpg",767,929,218,542,1
"practice_video_fake2_00361.jpg",766,929,218,542,1
"practice_video_fake2_00362.jpg",765,929,218,542,1
"practice_video_fake2_00363.jpg",762,929,218,542,1
"practice_video_fake2_00364.jpg",763,932,216,540,1
"practice_video_fake2_00365.jpg",763,935,214,538,1
"practice_video_fake2_00366.jpg",763,938,212,537,1
"practice_video_fake2_00367.jpg",763,941,211,535,1
"practice_video_fake2_00368.jpg",764,944,209,533,1
"practice_video_fake2_00369.jpg",765,944,209,533,1
"practice_video_fake2_00370.jpg",766,951,209,533,1
"practice_video_fake2_00371.jpg",767,958,209,533,1
"practice_video_fake2_00372.jpg",768,964,209,533,1
"practice_video_fake2_00373.jpg",768,970,204,533,1
"practice_video_fake2_00374.jpg",768,976,199,533,1
"practice_video_fake2_00375.jpg",768,978,198,531,1
"practice_video_fake2_00376.jpg",768,981,196,529,1
"practice_video_fake2_00377.jpg",768,984,195,527,1
"practice_video_fake2_00378.jpg",768,987,193,525,1
"practice_video_fake2_00379.jpg",768,991,189,522,1
"practice_video_fake2_00380.jpg",767,994,184,520,1
"practice_video_fake2_00381.jpg",767,998,180,517,1
"practice_video_fake2_00382.jpg",767,1001,175,515,1
"practice_video_fake2_00383.jpg",766,1002,172,512,1
"practice_video_fake2_00384.jpg",766,1003,168,510,1
"practice_video_fake2_00385.jpg",765,1004,165,508,1
"practice_video_fake2_00386.jpg",759,1007,162,506,1
"practice_video_fake2_00424.jpg",598,742,46,310,2
"practice_video_fake2_00425.jpg",576,729,47,311,2
"practice_video_fake2_00426.jpg",554,715,48,311,2
"practice_video_fake2_00427.jpg",531,701,50,312,2
"practice_video_fake2_00428.jpg",509,688,51,312,2
"practice_video_fake2_00429.jpg",487,674,53,313,2
"practice_video_fake2_00430.jpg",472,657,55,315,2
"practice_video_fake2_00431.jpg",456,640,57,317,2
"practice_video_fake2_00432.jpg",441,623,59,319,2
"practice_video_fake2_00433.jpg",426,606,61,321,2
"practice_video_fake2_00434.jpg",411,589,63,323,2
"practice_video_fake2_00435.jpg",403,581,68,323,2
"practice_video_fake2_00436.jpg",396,573,72,323,2
"practice_video_fake2_00437.jpg",389,565,77,323,2
"practice_video_fake2_00438.jpg",382,556,82,323,2
"practice_video_fake2_00439.jpg",375,548,87,323,2
"practice_video_fake2_00440.jpg",370,543,88,323,2
"practice_video_fake2_00441.jpg",366,538,90,324,2
"practice_video_fake2_00442.jpg",362,532,91,324,2
"practice_video_fake2_00443.jpg",358,527,93,324,2
"practice_video_fake2_00444.jpg",354,522,94,324,2
"practice_video_fake2_00445.jpg",352,519,97,327,2
"practice_video_fake2_00446.jpg",350,516,100,330,2
"practice_video_fake2_00447.jpg",348,513,103,333,2
"practice_video_fake2_00448.jpg",346,511,105,337,2
"practice_video_fake2_00449.jpg",344,508,108,340,2
"practice_video_fake2_00450.jpg",346,509,111,345,2
"practice_video_fake2_00451.jpg",348,511,114,350,2
"practice_video_fake2_00452.jpg",350,513,117,356,2
"practice_video_fake2_00453.jpg",353,515,120,361,2
"practice_video_fake2_00454.jpg",355,516,123,367,2
"practice_video_fake2_00455.jpg",359,520,125,367,2
"practice_video_fake2_00456.jpg",364,524,127,367,2
"practice_video_fake2_00457.jpg",368,528,128,367,2
"practice_video_fake2_00458.jpg",372,533,130,367,2
"practice_video_fake2_00459.jpg",377,537,132,367,2
"practice_video_fake2_00460.jpg",378,538,132,367,2
"practice_video_fake2_00461.jpg",380,539,132,367,2
"practice_video_fake2_00462.jpg",381,541,132,367,2
"practice_video_fake2_00463.jpg",383,542,132,367,2
"practice_video_fake2_00464.jpg",384,544,132,367,2
"practice_video_fake2_00465.jpg",385,544,132,367,2
"practice_video_fake2_00466.jpg",386,545,132,367,2
"practice_video_fake2_00467.jpg",388,545,132,367,2
"practice_video_fake2_00468.jpg",389,546,132,367,2
"practice_video_fake2_00469.jpg",390,547,132,367,2
"practice_video_fake2_00470.jpg",389,546,131,363,2
"practice_video_fake2_00471.jpg",388,545,131,360,2
"practice_video_fake2_00472.jpg",387,544,130,357,2
"practice_video_fake2_00473.jpg",386,543,130,353,2
"practice_video_fake2_00474.jpg",385,542,130,350,2
"practice_video_fake2_00475.jpg",385,542,130,352,2
"practice_video_fake2_00476.jpg",385,542,130,353,2
"practice_video_fake2_00477.jpg",385,542,130,355,2
"practice_video_fake2_00478.jpg",385,542,130,357,2
"practice_video_fake2_00479.jpg",385,542,130,359,2
"practice_video_fake2_00480.jpg",385,542,130,358,2
"practice_video_fake2_00481.jpg",385,543,130,357,2
"practice_video_fake2_00482.jpg",385,543,130,356,2
"practice_video_fake2_00483.jpg",385,543,130,355,2
"practice_video_fake2_00484.jpg",385,543,130,354,2
"practice_video_fake2_00485.jpg",385,543,130,354,2
"practice_video_fake2_00486.jpg",385,543,130,353,2
"practice_video_fake2_00487.jpg",385,543,130,352,2
"practice_video_fake2_00488.jpg",385,543,130,351,2
"practice_video_fake2_00489.jpg",385,543,130,350,2
"practice_video_fake2_00490.jpg",387,544,128,350,2
"practice_video_fake2_00491.jpg",388,545,127,350,2
"practice_video_fake2_00492.jpg",390,546,126,350,2
"practice_video_fake2_00493.jpg",391,547,125,349,2
"practice_video_fake2_00494.jpg",393,548,124,349,2
"practice_video_fake2_00495.jpg",392,548,125,350,2
"practice_video_fake2_00496.jpg",392,548,125,351,2
"practice_video_fake2_00497.jpg",392,548,125,353,2
"practice_video_fake2_00498.jpg",391,548,126,354,2
"practice_video_fake2_00499.jpg",391,547,126,355,2
"practice_video_fake2_00500.jpg",391,547,127,356,2
"practice_video_fake2_00501.jpg",391,547,127,357,2
"practice_video_fake2_00502.jpg",390,547,127,359,2
"practice_video_fake2_00503.jpg",390,546,128,360,2
"practice_video_fake2_00504.jpg",390,546,128,361,2
"practice_video_fake2_00505.jpg",389,544,129,363,2
"practice_video_fake2_00506.jpg",388,543,130,366,2
"practice_video_fake2_00507.jpg",387,541,131,368,2
"practice_video_fake2_00508.jpg",386,539,132,370,2
"practice_video_fake2_00509.jpg",384,538,132,373,2
"practice_video_fake2_00510.jpg",384,538,132,372,2
"practice_video_fake2_00511.jpg",384,538,131,371,2
"practice_video_fake2_00512.jpg",384,538,131,371,2
"practice_video_fake2_00513.jpg",384,538,130,370,2
"practice_video_fake2_00514.jpg",384,538,130,369,2
"practice_video_fake2_00515.jpg",384,538,130,369,2
"practice_video_fake2_00516.jpg",384,538,130,369,2
"practice_video_fake2_00517.jpg",384,539,130,368,2
"practice_video_fake2_00518.jpg",384,539,130,368,2
"practice_video_fake2_00519.jpg",384,540,130,368,2
"practice_video_fake2_00520.jpg",384,540,129,366,2
"practice_video_fake2_00521.jpg",384,540,128,364,2
"practice_video_fake2_00522.jpg",384,539,127,363,2
"practice_video_fake2_00523.jpg",384,539,127,361,2
"practice_video_fake2_00524.jpg",384,539,126,360,2
"practice_video_fake2_00525.jpg",381,540,129,358,2
"practice_video_fake2_00526.jpg",855,924,81,169,2
"practice_video_fake2_00527.jpg",857,924,80,169,2
"practice_video_fake2_00528.jpg",858,924,80,168,2
"practice_video_fake2_00529.jpg",859,924,79,167,2
"practice_video_fake2_00530.jpg",861,925,78,166,2
"practice_video_fake2_00531.jpg",862,925,77,166,2
"practice_video_fake2_00532.jpg",862,926,77,165,2
"practice_video_fake2_00533.jpg",863,927,77,165,2
"practice_video_fake2_00534.jpg",863,929,76,164,2
"practice_video_fake2_00535.jpg",863,930,76,164,2
"practice_video_fake2_00536.jpg",864,931,76,163,2
"practice_video_fake2_00537.jpg",864,930,76,163,2
"practice_video_fake2_00538.jpg",863,930,76,163,2
"practice_video_fake2_00539.jpg",863,929,76,163,2
"practice_video_fake2_00540.jpg",863,928,76,163,2
"practice_video_fake2_00541.jpg",863,927,76,163,2
"practice_video_fake2_00542.jpg",863,927,76,163,2
"practice_video_fake2_00543.jpg",862,927,76,163,2
"practice_video_fake2_00544.jpg",862,926,76,163,2
"practice_video_fake2_00545.jpg",862,926,76,164,2
"practice_video_fake2_00546.jpg",861,926,76,164,2
"practice_video_fake2_00547.jpg",861,926,77,164,2
"practice_video_fake2_00548.jpg",861,926,77,164,2
"practice_video_fake2_00549.jpg",861,926,77,164,2
"practice_video_fake2_00550.jpg",860,926,77,164,2
"practice_video_fake2_00551.jpg",860,926,78,164,2
"practice_video_fake2_00552.jpg",860,926,78,164,2
"practice_video_fake2_00553.jpg",860,926,78,164,2
"practice_video_fake2_00554.jpg",860,925,78,164,2
"practice_video_fake2_00555.jpg",859,925,79,165,2
"practice_video_fake2_00556.jpg",859,925,79,165,2
"practice_video_fake2_00557.jpg",859,925,79,165,2
"practice_video_fake2_00558.jpg",858,924,80,165,2
"practice_video_fake2_00559.jpg",858,924,81,165,2
"practice_video_fake2_00560.jpg",858,923,81,165,2
"practice_video_fake2_00561.jpg",858,923,82,165,2
"practice_video_fake2_00562.jpg",858,923,82,165,2
"practice_video_fake2_00563.jpg",858,923,82,166,2
"practice_video_fake2_00564.jpg",858,923,82,166,2
"practice_video_fake2_00565.jpg",858,923,82,167,2
"practice_video_fake2_00566.jpg",858,923,82,167,2
"practice_video_fake2_00567.jpg",858,923,81,167,2
"practice_video_fake2_00568.jpg",858,923,80,166,2
"practice_video_fake2_00569.jpg",858,924,79,165,2
"practice_video_fake2_00570.jpg",858,924,79,164,2
"practice_video_fake2_00571.jpg",858,924,78,164,2
"practice_video_fake2_00572.jpg",859,925,77,163,2
"practice_video_fake2_00573.jpg",860,926,75,162,2
"practice_video_fake2_00574.jpg",861,927,74,161,2
"practice_video_fake2_00575.jpg",862,927,73,161,2
"practice_video_fake2_00576.jpg",863,928,72,160,2
"practice_video_fake2_00577.jpg",864,929,73,161,2
"practice_video_fake2_00578.jpg",864,930,74,163,2
"practice_video_fake2_00579.jpg",865,931,76,164,2
"practice_video_fake2_00580.jpg",865,932,77,166,2
"practice_video_fake2_00581.jpg",866,932,78,167,2
"practice_video_fake2_00582.jpg",864,930,79,168,2
"practice_video_fake2_00583.jpg",863,928,79,169,2
"practice_video_fake2_00584.jpg",861,926,80,170,2
"practice_video_fake2_00585.jpg",860,924,81,171,2
"practice_video_fake2_00586.jpg",858,922,81,172,2
"practice_video_fake2_00587.jpg",854,919,82,172,2
"practice_video_fake2_00588.jpg",850,917,83,173,2
"practice_video_fake2_00589.jpg",847,914,84,173,2
"practice_video_fake2_00590.jpg",843,912,85,173,2
"practice_video_fake2_00591.jpg",839,909,86,173,2
"practice_video_fake2_00592.jpg",841,912,87,175,2
"practice_video_fake2_00593.jpg",844,914,89,177,2
"practice_video_fake2_00594.jpg",846,916,90,179,2
"practice_video_fake2_00595.jpg",848,918,92,182,2
"practice_video_fake2_00596.jpg",850,921,94,184,2
"practice_video_fake2_00597.jpg",858,928,89,179,2
"practice_video_fake2_00598.jpg",871,937,86,176,2
"practice_video_fake2_00599.jpg",874,943,85,176,2
"practice_video_fake2_00600.jpg",878,949,85,175,2
"practice_video_fake2_00601.jpg",882,955,84,175,2
"practice_video_fake2_00602.jpg",882,955,84,176,2
"practice_video_fake2_00603.jpg",882,955,84,177,2
"practice_video_fake2_00604.jpg",882,955,84,178,2
"practice_video_fake2_00605.jpg",882,955,84,178,2
"practice_video_fake2_00606.jpg",882,955,84,179,2
"practice_video_fake2_00607.jpg",878,951,84,179,2
"practice_video_fake2_00608.jpg",873,946,84,179,2
"practice_video_fake2_00609.jpg",869,942,84,179,2
"practice_video_fake2_00610.jpg",865,938,84,179,2
"practice_video_fake2_00611.jpg",860,933,84,179,2
"practice_video_fake2_00612.jpg",860,933,83,179,2
"practice_video_fake2_00613.jpg",859,933,82,179,2
"practice_video_fake2_00614.jpg",858,933,81,179,2
"practice_video_fake2_00615.jpg",857,933,79,179,2
"practice_video_fake2_00616.jpg",856,933,78,178,2
"practice_video_fake2_00617.jpg",860,937,76,178,2
"practice_video_fake2_00618.jpg",863,940,73,177,2
"practice_video_fake2_00619.jpg",867,943,71,176,2
"practice_video_fake2_00620.jpg",871,946,69,175,2
"practice_video_fake2_00621.jpg",875,949,66,174,2
"practice_video_fake2_00622.jpg",874,948,61,169,2
"practice_video_fake2_00623.jpg",873,947,56,164,2
"practice_video_fake2_00624.jpg",872,946,51,159,2
"practice_video_fake2_00625.jpg",871,945,46,154,2
"practice_video_fake2_00626.jpg",870,944,41,148,2
"practice_video_fake2_00627.jpg",870,945,38,149,2
"practice_video_fake2_00628.jpg",869,945,36,149,2
"practice_video_fake2_00629.jpg",868,945,33,149,2
"practice_video_fake2_00630.jpg",867,945,30,149,2
"practice_video_fake2_00631.jpg",867,946,28,148,2
"practice_video_fake2_00632.jpg",871,952,23,144,2
"practice_video_fake2_00633.jpg",875,958,18,140,2
"practice_video_fake2_00634.jpg",879,964,13,136,2
"practice_video_fake2_00635.jpg",883,970,8,132,2
"practice_video_fake2_00636.jpg",887,976,3,128,2
"practice_video_fake2_00637.jpg",888,979,3,124,2
"practice_video_fake2_00638.jpg",889,983,3,120,2
"practice_video_fake2_00639.jpg",891,986,2,116,2
"practice_video_fake2_00640.jpg",892,990,2,112,2
"practice_video_fake2_00641.jpg",894,994,2,108,2
"practice_video_fake2_00642.jpg",890,992,1,103,2
"practice_video_fake2_00643.jpg",886,990,1,97,2
"practice_video_fake2_00644.jpg",883,988,1,92,2
"practice_video_fake2_00645.jpg",879,986,1,87,2
"practice_video_fake2_00646.jpg",875,984,1,81,2
"practice_video_fake2_00647.jpg",873,982,0,79,2
"practice_video_fake2_00648.jpg",870,980,0,76,2
"practice_video_fake2_00649.jpg",868,978,0,73,2
"practice_video_fake2_00650.jpg",865,975,0,71,2
"practice_video_fake2_00651.jpg",863,973,0,68,2
"practice_video_fake2_00724.jpg",404,506,1,133,2
"practice_video_fake2_00725.jpg",422,522,2,145,2
"practice_video_fake2_00726.jpg",440,539,2,158,2
"practice_video_fake2_00727.jpg",458,566,3,170,2
"practice_video_fake2_00728.jpg",476,594,3,182,2
"practice_video_fake2_00729.jpg",494,622,3,194,2
"practice_video_fake2_00730.jpg",494,621,6,189,2
"practice_video_fake2_00731.jpg",511,642,13,199,2
"practice_video_fake2_00732.jpg",527,663,20,209,2
"practice_video_fake2_00733.jpg",544,684,27,219,2
"practice_video_fake2_00734.jpg",560,705,35,229,2
"practice_video_fake2_00735.jpg",565,707,33,220,2
"practice_video_fake2_00736.jpg",569,708,31,212,2
"practice_video_fake2_00737.jpg",573,710,29,203,2
"practice_video_fake2_00738.jpg",577,711,27,194,2
"practice_video_fake2_00739.jpg",582,713,25,186,2
"practice_video_fake2_00740.jpg",575,702,20,182,2
"practice_video_fake2_00741.jpg",567,692,15,178,2
"practice_video_fake2_00742.jpg",560,681,11,174,2
"practice_video_fake2_00743.jpg",553,671,6,170,2
"practice_video_fake2_00744.jpg",546,660,1,167,2
"practice_video_fake2_00745.jpg",535,650,2,161,2
"practice_video_fake2_00746.jpg",525,641,2,156,2
"practice_video_fake2_00747.jpg",514,631,2,150,2
"practice_video_fake2_00748.jpg",503,622,2,145,2
"practice_video_fake2_00749.jpg",492,612,2,139,2
"practice_video_fake2_00750.jpg",487,610,3,147,2
"practice_video_fake2_00751.jpg",483,607,4,156,2
"practice_video_fake2_00752.jpg",478,604,5,164,2
"practice_video_fake2_00753.jpg",473,601,6,172,2
"practice_video_fake2_00754.jpg",468,598,7,181,2
"practice_video_fake2_00755.jpg",471,601,10,184,2
"practice_video_fake2_00756.jpg",474,604,0,179,2
"practice_video_fake2_00757.jpg",476,607,0,175,2
"practice_video_fake2_00758.jpg",479,610,10,191,2
"practice_video_fake2_00759.jpg",482,613,20,211,2
"practice_video_fake2_00760.jpg",490,622,23,213,2
"practice_video_fake2_00761.jpg",498,630,26,215,2
"practice_video_fake2_00762.jpg",507,638,29,217,2
"practice_video_fake2_00763.jpg",515,647,32,219,2
"practice_video_fake2_00764.jpg",523,655,36,221,2
"practice_video_fake2_00765.jpg",528,660,39,221,2
"practice_video_fake2_00766.jpg",534,665,41,222,2
"practice_video_fake2_00767.jpg",540,671,44,223,2
"practice_video_fake2_00768.jpg",545,676,47,224,2
"practice_video_fake2_00769.jpg",551,681,50,224,2
"practice_video_fake2_00770.jpg",555,678,54,231,2
"practice_video_fake2_00771.jpg",558,676,59,237,2
"practice_video_fake2_00772.jpg",562,674,64,244,2
"practice_video_fake2_00773.jpg",566,672,68,251,2
"practice_video_fake2_00774.jpg",569,669,73,257,2
"practice_video_fake2_00775.jpg",562,669,74,260,2
"practice_video_fake2_00776.jpg",554,668,75,262,2
"practice_video_fake2_00777.jpg",546,667,76,265,2
"practice_video_fake2_00778.jpg",538,666,77,267,2
"practice_video_fake2_00779.jpg",530,666,78,270,2
"practice_video_fake2_00780.jpg",529,664,79,271,2
"practice_video_fake2_00781.jpg",527,663,80,272,2
"practice_video_fake2_00782.jpg",526,661,81,273,2
"practice_video_fake2_00783.jpg",524,660,83,274,2
"practice_video_fake2_00784.jpg",523,658,84,275,2
"practice_video_fake2_00785.jpg",521,656,85,278,2
"practice_video_fake2_00786.jpg",519,654,87,281,2
"practice_video_fake2_00787.jpg",517,652,88,283,2
"practice_video_fake2_00788.jpg",515,650,90,286,2
"practice_video_fake2_00789.jpg",512,648,91,289,2
"practice_video_fake2_00790.jpg",512,647,91,289,2
"practice_video_fake2_00791.jpg",511,646,91,289,2
"practice_video_fake2_00792.jpg",510,645,91,289,2
"practice_video_fake2_00793.jpg",509,644,91,289,2
"practice_video_fake2_00794.jpg",508,643,91,289,2
"practice_video_fake2_00795.jpg",506,642,91,287,2
"practice_video_fake2_00796.jpg",505,640,91,285,2
"practice_video_fake2_00797.jpg",504,639,91,284,2
"practice_video_fake2_00798.jpg",502,638,90,282,2
"practice_video_fake2_00799.jpg",501,636,90,280,2
"practice_video_fake2_00800.jpg",501,636,91,281,2
"practice_video_fake2_00801.jpg",500,635,92,281,2
"practice_video_fake2_00802.jpg",499,635,92,282,2
"practice_video_fake2_00803.jpg",499,634,93,283,2
"practice_video_fake2_00804.jpg",498,633,94,283,2
"practice_video_fake2_00805.jpg",497,633,95,286,2
"practice_video_fake2_00806.jpg",497,632,97,289,2
"practice_video_fake2_00807.jpg",496,631,99,291,2
"practice_video_fake2_00808.jpg",495,630,101,294,2
"practice_video_fake2_00809.jpg",494,629,103,297,2
"practice_video_fake2_00810.jpg",494,629,103,296,2
"practice_video_fake2_00811.jpg",494,629,103,296,2
"practice_video_fake2_00812.jpg",494,628,103,295,2
"practice_video_fake2_00813.jpg",494,628,103,295,2
"practice_video_fake2_00814.jpg",494,628,103,294,2
"practice_video_fake2_00815.jpg",493,627,102,292,2
"practice_video_fake2_00816.jpg",492,626,100,290,2
"practice_video_fake2_00817.jpg",491,626,98,288,2
"practice_video_fake2_00818.jpg",491,625,97,286,2
"practice_video_fake2_00819.jpg",490,624,95,283,2
"practice_video_fake2_00820.jpg",489,624,97,287,2
"practice_video_fake2_00821.jpg",489,623,99,290,2
"practice_video_fake2_00822.jpg",488,623,101,293,2
"practice_video_fake2_00823.jpg",488,622,102,296,2
"practice_video_fake2_00824.jpg",487,622,104,299,2
"practice_video_fake2_00825.jpg",488,622,104,299,2
"practice_video_fake2_00826.jpg",488,623,104,299,2
"practice_video_fake2_00827.jpg",489,623,104,299,2
"practice_video_fake2_00828.jpg",489,624,104,299,2
"practice_video_fake2_00829.jpg",490,624,104,299,2
"practice_video_fake2_00830.jpg",490,624,104,298,2
"practice_video_fake2_00831.jpg",490,624,103,298,2
"practice_video_fake2_00832.jpg",490,624,102,297,2
"practice_video_fake2_00833.jpg",490,624,101,296,2
"practice_video_fake2_00834.jpg",490,624,101,296,2
"practice_video_fake2_00835.jpg",490,624,100,295,2
"practice_video_fake2_00836.jpg",490,624,99,294,2
"practice_video_fake2_00837.jpg",490,624,99,293,2
"practice_video_fake2_00838.jpg",490,624,98,293,2
"practice_video_fake2_00839.jpg",490,624,97,292,2
"practice_video_fake2_00840.jpg",491,625,96,291,2
"practice_video_fake2_00841.jpg",493,626,95,289,2
"practice_video_fake2_00842.jpg",494,626,95,288,2
"practice_video_fake2_00843.jpg",495,627,94,286,2
"practice_video_fake2_00844.jpg",497,627,93,285,2
"practice_video_fake2_00845.jpg",496,627,94,287,2
"practice_video_fake2_00846.jpg",495,627,95,290,2
"practice_video_fake2_00847.jpg",493,627,97,292,2
"practice_video_fake2_00848.jpg",492,627,98,295,2
"practice_video_fake2_00849.jpg",491,627,99,297,2
"practice_video_fake2_00850.jpg",492,627,98,297,2
"practice_video_fake2_00851.jpg",492,627,98,297,2
"practice_video_fake2_00852.jpg",492,627,97,297,2
"practice_video_fake2_00853.jpg",493,627,96,297,2
"practice_video_fake2_00854.jpg",493,627,96,297,2
"practice_video_fake2_00855.jpg",493,626,95,296,2
"practice_video_fake2_00856.jpg",492,626,95,294,2
"practice_video_fake2_00857.jpg",492,625,94,292,2
"practice_video_fake2_00858.jpg",492,624,93,290,2
"practice_video_fake2_00859.jpg",491,624,93,289,2
"practice_video_fake2_00860.jpg",490,624,93,288,2
"practice_video_fake2_00861.jpg",489,623,93,288,2
"practice_video_fake2_00862.jpg",489,623,93,287,2
"practice_video_fake2_00863.jpg",488,623,93,287,2
"practice_video_fake2_00864.jpg",487,622,93,286,2
"practice_video_fake2_00865.jpg",487,622,93,288,2
"practice_video_fake2_00866.jpg",487,622,92,289,2
"practice_video_fake2_00867.jpg",487,622,92,291,2
"practice_video_fake2_00868.jpg",487,622,92,292,2
"practice_video_fake2_00869.jpg",487,622,92,294,2
"practice_video_fake2_00870.jpg",487,622,92,294,2
"practice_video_fake2_00871.jpg",487,622,93,294,2
"practice_video_fake2_00872.jpg",487,622,93,294,2
"practice_video_fake2_00873.jpg",487,622,93,294,2
"practice_video_fake2_00874.jpg",487,622,94,294,2
"practice_video_fake2_00875.jpg",487,622,94,294,2
"practice_video_fake2_00876.jpg",487,622,95,294,2
"practice_video_fake2_00877.jpg",487,622,95,294,2
"practice_video_fake2_00878.jpg",487,622,95,294,2
"practice_video_fake2_00879.jpg",487,622,96,294,2
"practice_video_fake2_00880.jpg",487,622,96,291,2
"practice_video_fake2_00881.jpg",487,622,96,287,2
"practice_video_fake2_00882.jpg",487,622,96,284,2
"practice_video_fake2_00883.jpg",487,622,96,281,2
"practice_video_fake2_00884.jpg",487,622,96,278,2
"practice_video_fake2_00885.jpg",487,623,97,284,2
"practice_video_fake2_00886.jpg",488,623,99,289,2
"practice_video_fake2_00887.jpg",489,623,100,295,2
"practice_video_fake2_00888.jpg",489,624,101,301,2
"practice_video_fake2_00889.jpg",490,624,103,307,2
"practice_video_fake2_00890.jpg",489,623,102,303,2
"practice_video_fake2_00891.jpg",488,622,101,299,2
"practice_video_fake2_00892.jpg",487,621,99,296,2
"practice_video_fake2_00893.jpg",486,620,98,292,2
"practice_video_fake2_00894.jpg",485,619,97,289,2
"practice_video_fake2_00895.jpg",484,618,99,291,2
"practice_video_fake2_00896.jpg",482,617,100,293,2
"practice_video_fake2_00897.jpg",481,616,101,296,2
"practice_video_fake2_00898.jpg",479,615,103,298,2
"practice_video_fake2_00899.jpg",478,614,104,301,2
"practice_video_fake2_00900.jpg",474,612,104,305,2
"practice_video_fake2_00901.jpg",471,610,104,309,2
"practice_video_fake2_00902.jpg",468,608,104,313,2
"practice_video_fake2_00903.jpg",464,606,104,317,2
"practice_video_fake2_00904.jpg",461,604,104,321,2
"practice_video_fake2_00905.jpg",462,604,104,320,2
"practice_video_fake2_00906.jpg",463,604,104,318,2
"practice_video_fake2_00907.jpg",464,604,104,317,2
"practice_video_fake2_00908.jpg",465,604,104,316,2
"practice_video_fake2_00909.jpg",466,604,104,315,2
"practice_video_fake2_00910.jpg",468,605,104,311,2
"practice_video_fake2_00911.jpg",470,606,104,307,2
"practice_video_fake2_00912.jpg",472,607,104,303,2
"practice_video_fake2_00913.jpg",474,608,104,299,2
"practice_video_fake2_00914.jpg",476,609,104,295,2
"practice_video_fake2_00915.jpg",477,609,105,298,2
"practice_video_fake2_00916.jpg",477,610,106,300,2
"practice_video_fake2_00917.jpg",478,610,107,303,2
"practice_video_fake2_00918.jpg",478,611,108,306,2
"practice_video_fake2_00919.jpg",479,612,109,309,2
"practice_video_fake2_00920.jpg",480,613,110,312,2
"practice_video_fake2_00921.jpg",482,615,112,316,2
"practice_video_fake2_00922.jpg",484,617,114,319,2
"practice_video_fake2_00923.jpg",485,618,116,323,2
"practice_video_fake2_00924.jpg",487,620,118,327,2
"practice_video_fake2_00925.jpg",488,621,118,325,2
"practice_video_fake2_00926.jpg",489,622,117,324,2
"practice_video_fake2_00927.jpg",490,624,117,323,2
"practice_video_fake2_00928.jpg",491,625,117,321,2
"practice_video_fake2_00929.jpg",493,626,116,320,2
"practice_video_fake2_00930.jpg",493,626,116,320,2
"practice_video_fake2_00931.jpg",494,627,115,319,2
"practice_video_fake2_00932.jpg",494,627,115,319,2
"practice_video_fake2_00933.jpg",495,628,114,318,2
"practice_video_fake2_00934.jpg",495,629,114,318,2
"practice_video_fake2_00935.jpg",495,629,112,316,2
"practice_video_fake2_00936.jpg",495,629,111,315,2
"practice_video_fake2_00937.jpg",495,629,110,313,2
"practice_video_fake2_00938.jpg",495,629,108,312,2
"practice_video_fake2_00939.jpg",495,629,107,311,2
"practice_video_fake2_00940.jpg",495,629,107,308,2
"practice_video_fake2_00941.jpg",495,629,106,305,2
"practice_video_fake2_00942.jpg",495,629,106,302,2
"practice_video_fake2_00943.jpg",495,629,106,298,2
"practice_video_fake2_00944.jpg",495,629,106,295,2
"practice_video_fake2_00945.jpg",495,628,107,299,2
"practice_video_fake2_00946.jpg",494,628,108,303,2
"practice_video_fake2_00947.jpg",494,627,110,307,2
"practice_video_fake2_00948.jpg",494,627,111,310,2
"practice_video_fake2_00949.jpg",493,626,112,314,2
"practice_video_fake2_00950.jpg",493,626,112,314,2
"practice_video_fake2_00951.jpg",493,626,112,313,2
"practice_video_fake2_00952.jpg",493,626,112,313,2
"practice_video_fake2_00953.jpg",493,626,112,312,2
"practice_video_fake2_00954.jpg",493,626,112,312,2
"practice_video_fake2_00955.jpg",493,626,112,311,2
"practice_video_fake2_00956.jpg",493,626,112,311,2
"practice_video_fake2_00957.jpg",493,626,112,311,2
"practice_video_fake2_00958.jpg",493,626,112,310,2
"practice_video_fake2_00959.jpg",493,626,112,310,2
"practice_video_fake2_00960.jpg",492,625,112,309,2
"practice_video_fake2_00961.jpg",492,623,112,309,2
"practice_video_fake2_00962.jpg",491,622,112,309,2
"practice_video_fake2_00963.jpg",491,621,112,308,2
"practice_video_fake2_00964.jpg",490,619,112,308,2
"practice_video_fake2_00965.jpg",489,618,112,309,2
"practice_video_fake2_00966.jpg",488,617,111,310,2
"practice_video_fake2_00967.jpg",488,617,111,311,2
"practice_video_fake2_00968.jpg",487,616,110,312,2
"practice_video_fake2_00969.jpg",486,615,110,313,2
"practice_video_fake2_00970.jpg",485,615,110,312,2
"practice_video_fake2_00971.jpg",484,615,110,311,2
"practice_video_fake2_00972.jpg",484,615,110,310,2
"practice_video_fake2_00973.jpg",483,615,110,308,2
"practice_video_fake2_00974.jpg",482,615,110,307,2
"practice_video_fake2_00975.jpg",482,615,110,306,2
"practice_video_fake2_00976.jpg",482,615,110,305,2
"practice_video_fake2_00977.jpg",482,615,110,304,2
"practice_video_fake2_00978.jpg",482,615,110,303,2
"practice_video_fake2_00979.jpg",482,615,110,302,2
"practice_video_fake2_00980.jpg",483,616,109,303,2
"practice_video_fake2_00981.jpg",483,616,108,304,2
"practice_video_fake2_00982.jpg",484,617,108,306,2
"practice_video_fake2_00983.jpg",485,618,107,307,2
"practice_video_fake2_00984.jpg",485,618,107,308,2
"practice_video_fake2_00985.jpg",486,618,107,308,2
"practice_video_fake2_00986.jpg",486,618,107,307,2
"practice_video_fake2_00987.jpg",486,618,107,307,2
"practice_video_fake2_00988.jpg",486,618,107,307,2
"practice_video_fake2_00989.jpg",486,618,107,307,2
"practice_video_fake2_00990.jpg",487,619,106,306,2
"practice_video_fake2_00991.jpg",488,620,105,305,2
"practice_video_fake2_00992.jpg",488,621,104,305,2
"practice_video_fake2_00993.jpg",489,622,104,304,2
"practice_video_fake2_00994.jpg",490,623,103,303,2
"practice_video_fake2_00995.jpg",488,622,103,303,2
"practice_video_fake2_00996.jpg",487,621,103,303,2
"practice_video_fake2_00997.jpg",486,620,103,302,2
"practice_video_fake2_00998.jpg",484,619,103,302,2
"practice_video_fake2_00999.jpg",483,618,103,302,2
"practice_video_fake2_01000.jpg",482,617,102,301,2
"practice_video_fake2_01001.jpg",481,615,101,300,2
"practice_video_fake2_01002.jpg",480,614,101,299,2
"practice_video_fake2_01003.jpg",479,613,100,298,2
"practice_video_fake2_01004.jpg",477,612,100,297,2
"practice_video_fake2_01005.jpg",477,612,100,301,2
"practice_video_fake2_01006.jpg",477,613,100,305,2
"practice_video_fake2_01007.jpg",477,613,100,309,2
"practice_video_fake2_01008.jpg",477,614,100,313,2
"practice_video_fake2_01009.jpg",477,614,100,317,2
"practice_video_fake2_01010.jpg",479,618,100,321,2
"practice_video_fake2_01011.jpg",481,622,101,326,2
"practice_video_fake2_01012.jpg",483,625,101,330,2
"practice_video_fake2_01013.jpg",485,629,102,334,2
"practice_video_fake2_01014.jpg",487,632,103,338,2
"practice_video_fake2_01015.jpg",489,634,103,328,2
"practice_video_fake2_01016.jpg",491,636,103,318,2
"practice_video_fake2_01017.jpg",492,636,103,317,2
"practice_video_fake2_01027.jpg",759,1067,108,539,1
"practice_video_fake2_01028.jpg",751,1073,108,543,1
"practice_video_fake2_01029.jpg",742,1079,108,548,1
"practice_video_fake2_01030.jpg",734,1085,108,552,1
"practice_video_fake2_01031.jpg",725,1092,108,556,1
"practice_video_fake2_01032.jpg",717,1098,108,560,1
"practice_video_fake2_01033.jpg",705,1092,108,565,1
"practice_video_fake2_01034.jpg",692,1086,108,570,1
"practice_video_fake2_01035.jpg",680,1080,108,575,1
"practice_video_fake2_01036.jpg",668,1074,108,580,1
"practice_video_fake2_01037.jpg",656,1068,108,585,1
"practice_video_fake2_01038.jpg",633,1044,108,590,1
"practice_video_fake2_01039.jpg",610,1020,108,595,1
"practice_video_fake2_01040.jpg",587,996,107,600,1
"practice_video_fake2_01041.jpg",565,973,107,605,1
"practice_video_fake2_01042.jpg",542,949,107,610,1
"practice_video_fake2_01043.jpg",522,927,108,616,1
"practice_video_fake2_01044.jpg",501,906,110,622,1
"practice_video_fake2_01045.jpg",481,885,112,628,1
"practice_video_fake2_01046.jpg",461,863,113,634,1
"practice_video_fake2_01047.jpg",441,842,115,640,1
"practice_video_fake2_01048.jpg",422,821,104,625,1
"practice_video_fake2_01049.jpg",404,800,92,611,1
"practice_video_fake2_01050.jpg",385,779,81,596,1
"practice_video_fake2_01051.jpg",367,758,70,582,1
"practice_video_fake2_01052.jpg",348,737,58,567,1
"practice_video_fake2_01053.jpg",341,722,61,567,1
"practice_video_fake2_01054.jpg",334,708,64,566,1
"practice_video_fake2_01055.jpg",327,694,67,565,1
"practice_video_fake2_01056.jpg",320,680,70,564,1
"practice_video_fake2_01057.jpg",313,666,73,563,1
"practice_video_fake2_01058.jpg",321,668,80,563,1
"practice_video_fake2_01059.jpg",343,690,90,577,1
"practice_video_fake2_01060.jpg",353,699,95,580,1
"practice_video_fake2_01061.jpg",364,708,100,582,1
"practice_video_fake2_01062.jpg",227,437,186,407,2
"practice_video_fake2_01063.jpg",235,447,202,432,2
"practice_video_fake2_01064.jpg",242,466,215,489,2
"practice_video_fake2_01065.jpg",248,473,233,530,2
"practice_video_fake2_01066.jpg",255,479,250,572,2
"practice_video_fake2_01067.jpg",297,492,380,653,2
"practice_video_fake2_01068.jpg",279,538,346,719,2
"practice_video_fake2_01069.jpg",284,550,351,719,2
"practice_video_fake2_01070.jpg",289,563,356,719,2
"practice_video_fake2_01071.jpg",297,580,354,717,2
"practice_video_fake2_01072.jpg",340,649,316,720,2
"practice_video_fake2_01073.jpg",341,647,287,714,2
"practice_video_fake2_01074.jpg",341,646,256,718,2
"practice_video_fake2_01075.jpg",343,649,263,713,2
"practice_video_fake2_01076.jpg",324,594,41,319,2
"practice_video_fake2_01077.jpg",334,614,65,303,2
"practice_video_fake2_01078.jpg",338,613,63,300,2
"practice_video_fake2_01079.jpg",327,597,41,296,2
"practice_video_fake2_01080.jpg",323,596,37,293,2
"practice_video_fake2_01081.jpg",320,589,13,263,2
"practice_video_fake2_01082.jpg",320,593,3,255,2
"practice_video_fake2_01083.jpg",333,600,3,242,2
"practice_video_fake2_01084.jpg",338,607,0,253,2
"practice_video_fake2_01085.jpg",333,611,3,256,2
"practice_video_fake2_01086.jpg",338,614,0,262,2
"practice_video_fake2_01087.jpg",344,620,0,262,2
"practice_video_fake2_01088.jpg",356,631,1,279,2
"practice_video_fake2_01089.jpg",363,641,1,283,2
"practice_video_fake2_01090.jpg",370,650,1,287,2
"practice_video_fake2_01091.jpg",377,659,1,292,2
"practice_video_fake2_01092.jpg",384,668,1,296,2
"practice_video_fake2_01093.jpg",391,677,1,300,2
"practice_video_fake2_01094.jpg",401,688,1,306,2
"practice_video_fake2_01095.jpg",411,700,1,311,2
"practice_video_fake2_01096.jpg",421,711,1,317,2
"practice_video_fake2_01097.jpg",431,722,1,323,2
"practice_video_fake2_01098.jpg",441,734,1,329,2
"practice_video_fake2_01099.jpg",448,741,1,327,2
"practice_video_fake2_01100.jpg",455,749,1,326,2
"practice_video_fake2_01101.jpg",462,756,1,324,2
"practice_video_fake2_01102.jpg",469,763,1,323,2
"practice_video_fake2_01103.jpg",476,771,1,321,2
"practice_video_fake2_01104.jpg",478,772,1,321,2
"practice_video_fake2_01105.jpg",480,773,1,321,2
"practice_video_fake2_01106.jpg",482,773,1,321,2
"practice_video_fake2_01107.jpg",484,774,1,321,2
"practice_video_fake2_01108.jpg",486,775,1,321,2
"practice_video_fake2_01109.jpg",479,770,1,321,2
"practice_video_fake2_01110.jpg",472,765,1,321,2
"practice_video_fake2_01111.jpg",465,760,1,321,2
"practice_video_fake2_01112.jpg",458,755,1,321,2
"practice_video_fake2_01113.jpg",451,750,1,321,2
"practice_video_fake2_01114.jpg",439,741,1,329,2
"practice_video_fake2_01115.jpg",427,733,1,337,2
"practice_video_fake2_01116.jpg",415,725,1,345,2
"practice_video_fake2_01117.jpg",403,717,1,353,2
"practice_video_fake2_01118.jpg",391,708,1,361,2
